,Class,y_test,y_pred
1666,KILL,0.0,0.0
2716,KILL,2.0,2.0
3189,KILL,1.0,1.0
2462,KILL,0.0,0.0
1859,KILL,0.0,0.0
2768,KILL,1.0,1.0
2570,KILL,2.0,2.0
668,KILL,2.0,2.0
1048,KILL,2.0,2.0
698,KILL,2.0,1.0
2689,KILL,1.0,2.0
2493,KILL,0.0,0.0
2629,KILL,1.0,2.0
1499,KILL,1.0,1.0
932,KILL,2.0,2.0
3083,KILL,2.0,2.0
2220,KILL,2.0,2.0
1436,KILL,2.0,2.0
1909,KILL,0.0,0.0
352,KILL,2.0,2.0
485,KILL,2.0,2.0
1703,KILL,2.0,1.0
1136,KILL,0.0,0.0
3146,KILL,1.0,1.0
596,KILL,2.0,1.0
1330,KILL,1.0,0.0
2619,KILL,2.0,2.0
1381,KILL,2.0,2.0
1979,KILL,2.0,2.0
1418,KILL,2.0,2.0
1790,KILL,2.0,2.0
1526,KILL,2.0,2.0
1257,KILL,2.0,2.0
1041,KILL,2.0,2.0
962,KILL,0.0,1.0
2634,KILL,2.0,2.0
2056,KILL,2.0,1.0
701,KILL,1.0,1.0
2831,KILL,1.0,2.0
613,KILL,1.0,0.0
2733,KILL,0.0,0.0
1716,KILL,0.0,0.0
1854,KILL,1.0,1.0
2979,KILL,2.0,2.0
1820,KILL,2.0,2.0
2030,KILL,2.0,1.0
859,KILL,1.0,1.0
1985,KILL,2.0,1.0
2515,KILL,2.0,1.0
1675,KILL,2.0,2.0
2701,KILL,1.0,1.0
2261,KILL,2.0,2.0
1722,KILL,1.0,2.0
1654,KILL,2.0,2.0
2097,KILL,1.0,1.0
2466,KILL,1.0,0.0
1298,KILL,1.0,1.0
1525,KILL,1.0,1.0
3164,KILL,2.0,1.0
2510,KILL,2.0,2.0
1028,KILL,2.0,2.0
2141,KILL,1.0,1.0
3063,KILL,0.0,0.0
679,KILL,2.0,2.0
2437,KILL,0.0,1.0
532,KILL,0.0,0.0
1683,KILL,0.0,0.0
2692,KILL,0.0,0.0
2835,KILL,2.0,2.0
255,KILL,2.0,2.0
1034,KILL,1.0,1.0
2446,KILL,1.0,2.0
2684,KILL,0.0,0.0
407,KILL,1.0,2.0
3077,KILL,1.0,1.0
692,KILL,2.0,2.0
889,KILL,2.0,1.0
1412,KILL,0.0,0.0
3257,KILL,0.0,0.0
2355,KILL,2.0,2.0
2969,KILL,0.0,0.0
2203,KILL,2.0,2.0
1615,KILL,2.0,2.0
1970,KILL,0.0,1.0
1296,KILL,1.0,2.0
1840,KILL,2.0,2.0
1990,KILL,0.0,0.0
2575,KILL,2.0,2.0
3175,KILL,2.0,2.0
2517,KILL,1.0,1.0
280,KILL,2.0,2.0
2523,KILL,1.0,1.0
3065,KILL,0.0,0.0
944,KILL,1.0,0.0
1175,KILL,2.0,2.0
1736,KILL,0.0,1.0
1013,KILL,0.0,0.0
2594,KILL,1.0,2.0
1748,KILL,2.0,2.0
1776,KILL,1.0,1.0
3183,KILL,2.0,2.0
1875,KILL,0.0,1.0
2010,KILL,2.0,2.0
771,KILL,2.0,2.0
1740,KILL,2.0,2.0
3216,KILL,2.0,2.0
727,KILL,1.0,1.0
1600,KILL,2.0,2.0
1530,KILL,1.0,2.0
3011,KILL,2.0,2.0
1430,KILL,2.0,2.0
3110,KILL,1.0,1.0
2309,KILL,1.0,1.0
659,KILL,2.0,2.0
1395,KILL,0.0,2.0
834,KILL,2.0,2.0
2794,KILL,2.0,2.0
2589,KILL,2.0,2.0
1129,KILL,1.0,1.0
2171,KILL,2.0,2.0
410,KILL,1.0,1.0
1334,KILL,2.0,1.0
2978,KILL,1.0,2.0
3003,KILL,2.0,2.0
1086,KILL,2.0,1.0
2798,KILL,2.0,1.0
1824,KILL,1.0,2.0
760,KILL,2.0,2.0
761,KILL,0.0,0.0
1297,KILL,2.0,2.0
2380,KILL,2.0,2.0
2058,KILL,2.0,1.0
1931,KILL,0.0,0.0
523,KILL,0.0,0.0
1739,KILL,0.0,0.0
803,KILL,1.0,1.0
231,KILL,1.0,2.0
3024,KILL,2.0,2.0
530,KILL,1.0,1.0
809,KILL,1.0,1.0
1885,KILL,1.0,1.0
716,KILL,1.0,1.0
1893,KILL,1.0,1.0
2860,KILL,0.0,0.0
1558,KILL,0.0,1.0
2568,KILL,2.0,2.0
2637,KILL,2.0,1.0
2664,KILL,2.0,2.0
3106,KILL,2.0,2.0
1826,KILL,1.0,2.0
1477,KILL,2.0,2.0
2102,KILL,1.0,0.0
2235,KILL,2.0,2.0
2606,KILL,2.0,2.0
429,KILL,2.0,2.0
371,KILL,2.0,2.0
2695,KILL,1.0,2.0
1202,KILL,0.0,0.0
1504,KILL,1.0,1.0
2905,KILL,0.0,0.0
2064,KILL,2.0,2.0
3201,KILL,2.0,2.0
2114,KILL,1.0,1.0
1068,KILL,2.0,2.0
2623,KILL,2.0,2.0
2164,KILL,2.0,2.0
2011,KILL,2.0,2.0
782,KILL,2.0,2.0
805,KILL,0.0,1.0
2856,KILL,1.0,1.0
2287,KILL,1.0,1.0
427,KILL,1.0,1.0
1775,KILL,1.0,1.0
244,KILL,1.0,1.0
964,KILL,2.0,2.0
609,KILL,1.0,1.0
436,KILL,0.0,0.0
961,KILL,1.0,1.0
3050,KILL,2.0,2.0
2397,KILL,2.0,2.0
1405,KILL,2.0,2.0
3180,KILL,0.0,0.0
2156,KILL,0.0,0.0
3007,KILL,2.0,2.0
3014,KILL,2.0,2.0
636,KILL,2.0,2.0
569,KILL,0.0,0.0
2084,KILL,1.0,2.0
1133,KILL,1.0,1.0
2872,KILL,2.0,1.0
1715,KILL,1.0,1.0
1407,KILL,1.0,2.0
1566,KILL,1.0,2.0
3267,KILL,2.0,2.0
3039,KILL,2.0,2.0
226,KILL,1.0,1.0
2583,KILL,2.0,2.0
1332,KILL,2.0,2.0
1794,KILL,2.0,2.0
1635,KILL,2.0,2.0
2577,KILL,2.0,2.0
2060,KILL,2.0,2.0
3093,KILL,1.0,2.0
2378,KILL,2.0,2.0
2136,KILL,1.0,1.0
1359,KILL,1.0,0.0
1529,KILL,2.0,2.0
3190,KILL,2.0,2.0
394,KILL,1.0,1.0
2228,KILL,1.0,2.0
1051,KILL,2.0,2.0
1903,KILL,1.0,1.0
480,KILL,2.0,2.0
555,KILL,2.0,2.0
1419,KILL,2.0,2.0
2377,KILL,2.0,2.0
2743,KILL,0.0,0.0
286,KILL,2.0,2.0
649,KILL,2.0,1.0
2438,KILL,1.0,2.0
444,KILL,2.0,2.0
2122,KILL,2.0,2.0
275,KILL,1.0,1.0
1708,KILL,0.0,0.0
1916,KILL,1.0,1.0
2576,KILL,2.0,2.0
245,KILL,0.0,1.0
1416,KILL,0.0,0.0
1695,KILL,2.0,2.0
3173,KILL,2.0,2.0
744,KILL,0.0,0.0
753,KILL,2.0,1.0
294,KILL,2.0,2.0
1493,KILL,1.0,1.0
933,KILL,2.0,2.0
310,KILL,2.0,2.0
2765,KILL,2.0,2.0
2685,KILL,1.0,1.0
2553,KILL,2.0,2.0
1425,KILL,1.0,1.0
2593,KILL,2.0,2.0
736,KILL,2.0,2.0
1755,KILL,1.0,1.0
926,KILL,1.0,1.0
2817,KILL,1.0,1.0
787,KILL,0.0,0.0
1880,KILL,2.0,2.0
1939,KILL,1.0,0.0
322,KILL,1.0,2.0
558,KILL,2.0,2.0
669,KILL,2.0,2.0
980,KILL,0.0,1.0
490,KILL,2.0,2.0
1551,KILL,2.0,2.0
3117,KILL,2.0,2.0
2362,KILL,1.0,1.0
1862,KILL,1.0,1.0
473,KILL,2.0,2.0
2499,KILL,2.0,2.0
1575,KILL,2.0,2.0
1606,KILL,2.0,2.0
845,KILL,1.0,2.0
2033,KILL,2.0,2.0
2312,KILL,0.0,0.0
1315,KILL,1.0,2.0
1015,KILL,2.0,2.0
1070,KILL,2.0,2.0
1354,KILL,1.0,1.0
3228,KILL,2.0,2.0
2342,KILL,1.0,1.0
752,KILL,2.0,2.0
1730,KILL,2.0,2.0
1283,KILL,1.0,1.0
832,KILL,1.0,1.0
1232,KILL,1.0,1.0
1671,KILL,1.0,2.0
2144,KILL,2.0,2.0
1538,KILL,0.0,0.0
2601,KILL,2.0,2.0
1462,KILL,2.0,2.0
2731,KILL,1.0,1.0
3150,KILL,1.0,1.0
2489,KILL,1.0,1.0
1749,KILL,2.0,2.0
2704,KILL,2.0,1.0
2490,KILL,1.0,1.0
546,KILL,0.0,0.0
872,KILL,1.0,2.0
1321,KILL,0.0,0.0
1687,KILL,1.0,1.0
1673,KILL,1.0,1.0
2885,KILL,2.0,2.0
783,KILL,2.0,2.0
561,KILL,2.0,1.0
2205,KILL,2.0,2.0
1994,KILL,0.0,0.0
283,KILL,2.0,2.0
2128,KILL,0.0,0.0
2386,KILL,0.0,0.0
2707,KILL,0.0,0.0
266,KILL,1.0,1.0
1879,KILL,1.0,1.0
3006,KILL,2.0,2.0
3268,KILL,1.0,0.0
2942,KILL,0.0,0.0
1811,KILL,1.0,1.0
2334,KILL,1.0,1.0
2823,KILL,2.0,2.0
876,KILL,2.0,2.0
1408,KILL,2.0,2.0
559,KILL,2.0,2.0
3230,KILL,2.0,2.0
2445,KILL,0.0,2.0
2371,KILL,2.0,2.0
1781,KILL,0.0,1.0
774,KILL,1.0,2.0
2732,KILL,1.0,0.0
1734,KILL,2.0,2.0
1404,KILL,1.0,1.0
724,KILL,0.0,0.0
2451,KILL,1.0,1.0
2826,KILL,2.0,2.0
2971,KILL,0.0,0.0
342,KILL,2.0,2.0
1369,KILL,1.0,1.0
3115,KILL,2.0,2.0
880,KILL,2.0,2.0
2432,KILL,2.0,2.0
3075,KILL,2.0,2.0
3085,KILL,2.0,1.0
466,KILL,1.0,1.0
2037,KILL,1.0,1.0
1800,KILL,2.0,2.0
332,KILL,2.0,1.0
1362,KILL,1.0,2.0
451,KILL,2.0,2.0
2990,KILL,1.0,1.0
1632,KILL,2.0,1.0
842,KILL,1.0,1.0
1349,KILL,1.0,1.0
877,KILL,2.0,2.0
1579,KILL,1.0,1.0
3070,KILL,0.0,0.0
2059,KILL,2.0,2.0
1872,KILL,2.0,2.0
2117,KILL,1.0,1.0
3138,KILL,2.0,1.0
1391,KILL,2.0,2.0
2198,KILL,2.0,2.0
3001,KILL,2.0,2.0
2449,KILL,0.0,0.0
2745,KILL,0.0,0.0
3017,KILL,2.0,2.0
2455,KILL,0.0,1.0
1393,KILL,0.0,0.0
224,KILL,0.0,1.0
2294,KILL,1.0,1.0
2849,KILL,1.0,0.0
1098,KILL,2.0,2.0
1647,KILL,2.0,2.0
1192,KILL,1.0,1.0
1308,KILL,2.0,2.0
2748,KILL,1.0,1.0
421,KILL,0.0,1.0
402,KILL,2.0,2.0
2393,KILL,2.0,2.0
242,KILL,1.0,0.0
303,KILL,2.0,2.0
2340,KILL,1.0,1.0
1078,KILL,2.0,2.0
516,KILL,0.0,0.0
3283,KILL,2.0,2.0
1100,KILL,2.0,2.0
3285,KILL,1.0,2.0
1534,KILL,2.0,2.0
3219,KILL,2.0,2.0
2242,KILL,1.0,2.0
2031,KILL,2.0,2.0
2154,KILL,2.0,2.0
2747,KILL,2.0,2.0
381,KILL,0.0,1.0
1982,KILL,1.0,1.0
1427,KILL,2.0,2.0
2680,KILL,0.0,0.0
1670,KILL,2.0,2.0
2406,KILL,2.0,2.0
2520,KILL,1.0,1.0
362,KILL,2.0,2.0
2734,KILL,1.0,1.0
831,KILL,2.0,2.0
1032,KILL,2.0,2.0
1399,KILL,1.0,1.0
1316,KILL,2.0,2.0
812,KILL,2.0,2.0
2215,KILL,2.0,1.0
2121,KILL,1.0,1.0
2472,KILL,2.0,2.0
1964,KILL,0.0,0.0
1206,KILL,0.0,1.0
1045,KILL,2.0,2.0
454,KILL,2.0,2.0
2131,KILL,0.0,0.0
2231,KILL,2.0,2.0
3235,KILL,0.0,0.0
3187,KILL,2.0,2.0
405,KILL,0.0,0.0
684,KILL,2.0,2.0
1904,KILL,2.0,2.0
970,KILL,0.0,0.0
1603,KILL,1.0,1.0
990,KILL,1.0,2.0
841,KILL,1.0,1.0
2018,KILL,2.0,1.0
551,KILL,0.0,0.0
384,KILL,0.0,0.0
810,KILL,1.0,1.0
3196,KILL,2.0,2.0
506,KILL,2.0,1.0
504,KILL,1.0,0.0
1581,KILL,1.0,2.0
1649,KILL,2.0,2.0
1108,KILL,0.0,0.0
844,KILL,2.0,2.0
797,KILL,2.0,2.0
2874,KILL,0.0,0.0
849,KILL,2.0,2.0
2105,KILL,1.0,1.0
2426,KILL,2.0,2.0
2964,KILL,0.0,1.0
3153,KILL,0.0,0.0
1731,KILL,0.0,0.0
491,KILL,2.0,2.0
2206,KILL,2.0,2.0
369,KILL,1.0,1.0
1659,KILL,2.0,2.0
2736,KILL,2.0,1.0
1929,KILL,1.0,1.0
2886,KILL,0.0,0.0
488,KILL,1.0,0.0
2459,KILL,0.0,0.0
1275,KILL,2.0,1.0
3143,KILL,1.0,2.0
2752,KILL,1.0,1.0
400,KILL,1.0,1.0
2487,KILL,1.0,1.0
2374,KILL,1.0,1.0
1153,KILL,2.0,1.0
3026,KILL,2.0,1.0
525,KILL,2.0,2.0
1082,KILL,2.0,1.0
695,KILL,2.0,2.0
1709,KILL,1.0,1.0
2078,KILL,2.0,2.0
666,KILL,2.0,2.0
2521,KILL,1.0,2.0
3038,KILL,2.0,2.0
364,KILL,1.0,0.0
1309,KILL,1.0,0.0
2514,KILL,2.0,2.0
3049,KILL,2.0,2.0
611,KILL,2.0,1.0
2871,KILL,2.0,2.0
1686,KILL,1.0,1.0
2561,KILL,1.0,1.0
1927,KILL,2.0,2.0
2174,KILL,1.0,1.0
2761,KILL,1.0,1.0
3240,KILL,0.0,0.0
1150,KILL,2.0,2.0
3142,KILL,1.0,1.0
1591,KILL,1.0,1.0
3151,KILL,2.0,2.0
3119,KILL,2.0,2.0
1853,KILL,0.0,1.0
443,KILL,2.0,2.0
2454,KILL,0.0,2.0
3223,KILL,2.0,2.0
2415,KILL,1.0,1.0
2291,KILL,1.0,1.0
607,KILL,1.0,1.0
672,KILL,2.0,2.0
550,KILL,0.0,0.0
2909,KILL,0.0,0.0
2946,KILL,1.0,1.0
2149,KILL,0.0,0.0
1345,KILL,2.0,1.0
2933,KILL,1.0,1.0
1312,KILL,1.0,2.0
2862,KILL,2.0,2.0
665,KILL,2.0,2.0
2135,KILL,1.0,1.0
328,KILL,2.0,2.0
2988,KILL,2.0,2.0
2775,KILL,2.0,1.0
3243,KILL,2.0,2.0
1348,KILL,0.0,1.0
570,KILL,2.0,2.0
2246,KILL,2.0,1.0
2749,KILL,1.0,1.0
2157,KILL,1.0,1.0
1392,KILL,2.0,2.0
1096,KILL,2.0,1.0
673,KILL,2.0,2.0
1402,KILL,0.0,0.0
1365,KILL,2.0,2.0
2658,KILL,0.0,0.0
2244,KILL,1.0,0.0
1571,KILL,0.0,0.0
708,KILL,0.0,0.0
1542,KILL,1.0,1.0
884,KILL,2.0,2.0
694,KILL,2.0,2.0
432,KILL,0.0,0.0
517,KILL,2.0,2.0
464,KILL,2.0,2.0
820,KILL,0.0,1.0
1090,KILL,1.0,1.0
313,KILL,0.0,1.0
2624,KILL,2.0,2.0
3294,KILL,1.0,1.0
1287,KILL,2.0,1.0
1945,KILL,1.0,2.0
3165,KILL,0.0,0.0
2880,KILL,2.0,2.0
1624,KILL,2.0,2.0
1597,KILL,2.0,2.0
324,KILL,0.0,0.0
1222,KILL,2.0,2.0
3205,KILL,2.0,2.0
2240,KILL,1.0,2.0
891,KILL,1.0,1.0
459,KILL,2.0,2.0
1027,KILL,2.0,2.0
1372,KILL,2.0,1.0
1295,KILL,1.0,1.0
2091,KILL,2.0,2.0
1960,KILL,1.0,1.0
737,KILL,2.0,2.0
2124,KILL,1.0,1.0
2774,KILL,0.0,0.0
1500,KILL,1.0,1.0
821,KILL,2.0,2.0
1808,KILL,2.0,2.0
1239,KILL,2.0,2.0
445,KILL,2.0,2.0
207,KILL,2.0,2.0
1520,KILL,1.0,1.0
682,KILL,2.0,2.0
2038,KILL,1.0,1.0
2941,KILL,2.0,2.0
3027,KILL,2.0,2.0
3199,KILL,2.0,2.0
1821,KILL,2.0,2.0
785,KILL,1.0,1.0
3081,KILL,0.0,0.0
1059,KILL,1.0,1.0
2074,KILL,0.0,0.0
2945,KILL,0.0,0.0
794,KILL,2.0,1.0
1074,KILL,0.0,0.0
1327,KILL,1.0,1.0
2162,KILL,1.0,1.0
2811,KILL,1.0,1.0
1646,KILL,2.0,2.0
2413,KILL,2.0,2.0
2512,KILL,2.0,1.0
1183,KILL,2.0,1.0
3208,KILL,1.0,2.0
600,KILL,2.0,2.0
3172,KILL,1.0,1.0
2984,KILL,2.0,2.0
493,KILL,2.0,2.0
3128,KILL,1.0,1.0
3259,KILL,1.0,1.0
1237,KILL,2.0,2.0
1779,KILL,2.0,2.0
2696,KILL,1.0,1.0
2433,KILL,2.0,2.0
1707,KILL,1.0,2.0
2236,KILL,2.0,2.0
3018,KILL,2.0,2.0
2612,KILL,2.0,2.0
723,KILL,1.0,0.0
734,KILL,2.0,2.0
2504,KILL,0.0,0.0
1802,KILL,2.0,1.0
627,KILL,2.0,2.0
1125,KILL,2.0,2.0
2224,KILL,2.0,2.0
963,KILL,1.0,1.0
985,KILL,2.0,2.0
2408,KILL,2.0,2.0
2796,KILL,1.0,1.0
2947,KILL,0.0,0.0
2241,KILL,2.0,2.0
1173,KILL,0.0,0.0
2647,KILL,2.0,1.0
2573,KILL,2.0,1.0
2069,KILL,2.0,2.0
819,KILL,2.0,2.0
3069,KILL,1.0,1.0
2868,KILL,0.0,0.0
924,KILL,1.0,1.0
3250,KILL,0.0,0.0
1030,KILL,0.0,0.0
1570,KILL,1.0,2.0
1195,KILL,1.0,0.0
3194,KILL,1.0,1.0
1224,KILL,2.0,2.0
1161,KILL,1.0,1.0
3048,KILL,0.0,0.0
3170,KILL,0.0,0.0
697,KILL,1.0,1.0
2763,KILL,1.0,1.0
471,KILL,2.0,2.0
1163,KILL,0.0,0.0
329,KILL,1.0,2.0
2275,KILL,2.0,2.0
395,KILL,1.0,1.0
2308,KILL,0.0,0.0
486,KILL,2.0,2.0
2187,KILL,2.0,2.0
1847,KILL,1.0,2.0
2858,KILL,0.0,0.0
1077,KILL,2.0,2.0
1481,KILL,2.0,2.0
1742,KILL,1.0,1.0
2620,KILL,2.0,2.0
3296,KILL,2.0,2.0
2057,KILL,2.0,2.0
1379,KILL,1.0,2.0
1688,KILL,1.0,2.0
1004,KILL,1.0,1.0
3217,KILL,1.0,2.0
728,KILL,1.0,1.0
3234,KILL,0.0,0.0
389,KILL,0.0,1.0
2127,KILL,1.0,1.0
2651,KILL,2.0,2.0
1898,KILL,2.0,2.0
1496,KILL,0.0,0.0
472,KILL,2.0,2.0
976,KILL,2.0,2.0
1323,KILL,1.0,1.0
2233,KILL,2.0,2.0
317,KILL,0.0,1.0
552,KILL,0.0,0.0
1156,KILL,1.0,1.0
1207,KILL,2.0,2.0
954,KILL,2.0,2.0
1054,KILL,2.0,2.0
495,KILL,2.0,2.0
2770,KILL,2.0,1.0
1866,KILL,2.0,1.0
2306,KILL,1.0,1.0
2263,KILL,1.0,1.0
411,KILL,1.0,1.0
2603,KILL,2.0,2.0
2889,KILL,2.0,2.0
1691,KILL,0.0,0.0
1396,KILL,0.0,0.0
2344,KILL,1.0,1.0
754,KILL,2.0,1.0
1254,KILL,2.0,2.0
2571,KILL,2.0,2.0
2730,KILL,0.0,0.0
2541,KILL,2.0,2.0
3149,KILL,2.0,2.0
1763,KILL,1.0,1.0
2702,KILL,2.0,2.0
1926,KILL,1.0,1.0
1110,KILL,0.0,0.0
2133,KILL,2.0,2.0
2125,KILL,2.0,2.0
978,KILL,1.0,1.0
3256,KILL,2.0,2.0
1168,KILL,1.0,2.0
481,KILL,2.0,2.0
1723,KILL,1.0,2.0
1639,KILL,2.0,2.0
2337,KILL,2.0,2.0
2274,KILL,1.0,1.0
589,KILL,0.0,1.0
1221,KILL,2.0,2.0
2001,KILL,2.0,2.0
2566,KILL,1.0,1.0
937,KILL,1.0,1.0
2960,KILL,0.0,0.0
1517,KILL,1.0,1.0
2924,KILL,2.0,2.0
2881,KILL,2.0,2.0
1464,KILL,2.0,2.0
1930,KILL,2.0,2.0
1258,KILL,2.0,2.0
1131,KILL,2.0,2.0
710,KILL,2.0,2.0
896,KILL,2.0,2.0
3186,KILL,2.0,2.0
1276,KILL,0.0,1.0
1869,KILL,1.0,1.0
1524,KILL,0.0,0.0
1789,KILL,1.0,1.0
2844,KILL,0.0,1.0
824,KILL,2.0,2.0
1992,KILL,2.0,2.0
2591,KILL,1.0,1.0
497,KILL,0.0,0.0
1917,KILL,2.0,2.0
2032,KILL,2.0,2.0
595,KILL,0.0,1.0
441,KILL,1.0,2.0
1227,KILL,2.0,1.0
1805,KILL,2.0,2.0
2368,KILL,2.0,2.0
1971,KILL,1.0,2.0
2739,KILL,1.0,1.0
267,KILL,1.0,2.0
1732,KILL,2.0,1.0
2473,KILL,1.0,0.0
838,KILL,2.0,2.0
2260,KILL,0.0,0.0
462,KILL,2.0,1.0
1942,KILL,2.0,2.0
1052,KILL,1.0,1.0
1717,KILL,1.0,0.0
1303,KILL,0.0,0.0
1822,KILL,2.0,2.0
3099,KILL,2.0,1.0
2876,KILL,2.0,2.0
992,KILL,1.0,1.0
685,KILL,2.0,2.0
282,KILL,2.0,2.0
1022,KILL,2.0,2.0
1135,KILL,1.0,1.0
3097,KILL,0.0,0.0
3160,KILL,1.0,2.0
1491,KILL,2.0,2.0
3137,KILL,1.0,1.0
900,KILL,0.0,0.0
1138,KILL,1.0,1.0
1426,KILL,2.0,2.0
2903,KILL,1.0,1.0
1198,KILL,2.0,2.0
1437,KILL,2.0,2.0
3288,KILL,0.0,0.0
1152,KILL,2.0,2.0
2255,KILL,1.0,1.0
1959,KILL,2.0,2.0
513,KILL,2.0,2.0
2087,KILL,2.0,1.0
1072,KILL,2.0,2.0
2099,KILL,1.0,1.0
2278,KILL,0.0,0.0
3112,KILL,2.0,2.0
1261,KILL,2.0,2.0
874,KILL,2.0,2.0
1122,KILL,2.0,2.0
2419,KILL,2.0,2.0
3021,KILL,2.0,2.0
703,KILL,1.0,0.0
784,KILL,1.0,1.0
289,KILL,2.0,2.0
2119,KILL,1.0,1.0
931,KILL,0.0,0.0
798,KILL,0.0,0.0
3247,KILL,2.0,1.0
2448,KILL,1.0,1.0
2034,KILL,2.0,2.0
1211,KILL,1.0,1.0
2597,KILL,2.0,2.0
1827,KILL,2.0,2.0
1873,KILL,1.0,0.0
910,KILL,2.0,2.0
1482,KILL,2.0,2.0
1735,KILL,0.0,0.0
1120,KILL,1.0,1.0
756,KILL,2.0,0.0
2142,KILL,1.0,1.0
1720,KILL,1.0,1.0
2855,KILL,0.0,0.0
2359,KILL,2.0,1.0
700,KILL,2.0,2.0
2403,KILL,2.0,2.0
2559,KILL,2.0,1.0
2196,KILL,1.0,1.0
398,KILL,1.0,2.0
270,KILL,1.0,2.0
890,KILL,1.0,1.0
807,KILL,1.0,2.0
1928,KILL,1.0,1.0
250,KILL,1.0,2.0
2670,KILL,2.0,2.0
1580,KILL,1.0,1.0
3019,KILL,1.0,1.0
249,KILL,2.0,2.0
1005,KILL,2.0,2.0
1401,KILL,2.0,2.0
2172,KILL,0.0,0.0
2526,KILL,0.0,1.0
1390,KILL,1.0,1.0
912,KILL,0.0,0.0
1738,KILL,0.0,0.0
2484,KILL,2.0,2.0
3299,KILL,0.0,0.0
1514,KILL,2.0,2.0
220,KILL,0.0,1.0
1248,KILL,2.0,2.0
1511,KILL,0.0,0.0
510,KILL,2.0,2.0
2439,KILL,1.0,2.0
1151,KILL,0.0,0.0
2422,KILL,2.0,2.0
603,KILL,1.0,1.0
1429,KILL,2.0,2.0
1769,KILL,2.0,2.0
1891,KILL,2.0,2.0
2991,KILL,1.0,2.0
2052,KILL,1.0,0.0
2063,KILL,2.0,1.0
1546,KILL,1.0,0.0
2931,KILL,1.0,1.0
531,KILL,1.0,2.0
1415,KILL,2.0,2.0
474,KILL,2.0,2.0
2864,KILL,1.0,1.0
860,KILL,2.0,2.0
1235,KILL,2.0,2.0
2869,KILL,1.0,1.0
2729,KILL,2.0,1.0
1892,KILL,1.0,2.0
592,KILL,1.0,1.0
3047,KILL,0.0,0.0
1449,KILL,2.0,2.0
591,KILL,2.0,2.0
1260,KILL,2.0,2.0
2781,KILL,2.0,2.0
1544,KILL,2.0,2.0
1236,KILL,1.0,2.0
2841,KILL,2.0,2.0
939,KILL,1.0,1.0
3265,KILL,2.0,2.0
2725,KILL,0.0,1.0
3197,KILL,2.0,2.0
2760,KILL,1.0,1.0
1438,KILL,1.0,1.0
2024,KILL,2.0,2.0
1596,KILL,1.0,1.0
1920,KILL,2.0,2.0
2705,KILL,2.0,1.0
815,KILL,0.0,0.0
1906,KILL,1.0,1.0
2791,KILL,2.0,2.0
2663,KILL,1.0,1.0
1335,KILL,2.0,2.0
3193,KILL,2.0,2.0
1073,KILL,1.0,2.0
2995,KILL,1.0,1.0
2251,KILL,2.0,2.0
1075,KILL,2.0,2.0
2072,KILL,1.0,1.0
2666,KILL,0.0,0.0
3261,KILL,0.0,1.0
1000,KILL,1.0,1.0
1091,KILL,0.0,0.0
2463,KILL,1.0,1.0
1761,KILL,1.0,1.0
350,KILL,2.0,2.0
1508,KILL,0.0,0.0
2039,KILL,2.0,2.0
1976,KILL,2.0,2.0
897,KILL,1.0,1.0
664,KILL,2.0,2.0
2778,KILL,2.0,2.0
1273,KILL,2.0,2.0
2982,KILL,2.0,2.0
773,KILL,1.0,0.0
2735,KILL,2.0,2.0
562,KILL,2.0,1.0
581,KILL,0.0,1.0
2549,KILL,2.0,2.0
1668,DISAP,2.0,2.0
2720,DISAP,2.0,2.0
3191,DISAP,2.0,2.0
2464,DISAP,0.0,0.0
1861,DISAP,2.0,2.0
2770,DISAP,2.0,2.0
2572,DISAP,1.0,1.0
668,DISAP,2.0,2.0
1048,DISAP,2.0,2.0
698,DISAP,2.0,2.0
2691,DISAP,2.0,1.0
2495,DISAP,2.0,2.0
2631,DISAP,2.0,2.0
1501,DISAP,1.0,1.0
932,DISAP,2.0,2.0
3085,DISAP,2.0,2.0
2222,DISAP,2.0,2.0
1437,DISAP,2.0,2.0
1911,DISAP,2.0,2.0
352,DISAP,2.0,2.0
485,DISAP,2.0,2.0
1705,DISAP,2.0,2.0
1137,DISAP,1.0,1.0
3148,DISAP,2.0,0.0
596,DISAP,2.0,2.0
1331,DISAP,2.0,2.0
2621,DISAP,2.0,2.0
1382,DISAP,2.0,2.0
1981,DISAP,2.0,2.0
1419,DISAP,2.0,2.0
1792,DISAP,2.0,2.0
1528,DISAP,2.0,2.0
1258,DISAP,2.0,2.0
1041,DISAP,2.0,2.0
962,DISAP,0.0,0.0
2636,DISAP,2.0,2.0
2058,DISAP,2.0,2.0
701,DISAP,2.0,1.0
2833,DISAP,2.0,2.0
613,DISAP,2.0,2.0
2735,DISAP,2.0,2.0
1718,DISAP,2.0,2.0
1856,DISAP,2.0,2.0
2981,DISAP,2.0,2.0
1822,DISAP,2.0,2.0
2032,DISAP,2.0,2.0
859,DISAP,2.0,2.0
1987,DISAP,2.0,2.0
2517,DISAP,2.0,2.0
1677,DISAP,1.0,1.0
2703,DISAP,2.0,2.0
2263,DISAP,2.0,0.0
1724,DISAP,2.0,2.0
1656,DISAP,2.0,2.0
2099,DISAP,2.0,2.0
2468,DISAP,0.0,1.0
1300,DISAP,2.0,2.0
1527,DISAP,1.0,2.0
3166,DISAP,2.0,2.0
2512,DISAP,2.0,2.0
1028,DISAP,2.0,2.0
2143,DISAP,2.0,2.0
3065,DISAP,0.0,0.0
679,DISAP,2.0,2.0
2439,DISAP,2.0,2.0
532,DISAP,1.0,1.0
1685,DISAP,0.0,0.0
2694,DISAP,2.0,2.0
2837,DISAP,2.0,2.0
255,DISAP,2.0,2.0
1034,DISAP,1.0,2.0
2448,DISAP,1.0,2.0
2686,DISAP,2.0,2.0
407,DISAP,2.0,2.0
3079,DISAP,2.0,2.0
692,DISAP,2.0,2.0
889,DISAP,2.0,2.0
1413,DISAP,2.0,2.0
3258,DISAP,2.0,2.0
2358,DISAP,1.0,2.0
2971,DISAP,1.0,0.0
2206,DISAP,2.0,2.0
1617,DISAP,2.0,2.0
1972,DISAP,2.0,2.0
1297,DISAP,2.0,2.0
1842,DISAP,2.0,2.0
1992,DISAP,2.0,2.0
2577,DISAP,2.0,2.0
3177,DISAP,2.0,2.0
2519,DISAP,1.0,0.0
280,DISAP,2.0,2.0
2525,DISAP,2.0,2.0
3067,DISAP,0.0,1.0
944,DISAP,1.0,1.0
1176,DISAP,2.0,2.0
1738,DISAP,2.0,2.0
1013,DISAP,0.0,1.0
2596,DISAP,2.0,2.0
1750,DISAP,2.0,2.0
1778,DISAP,2.0,2.0
3185,DISAP,2.0,2.0
1877,DISAP,1.0,2.0
2013,DISAP,2.0,2.0
771,DISAP,2.0,2.0
1742,DISAP,2.0,2.0
3218,DISAP,2.0,2.0
727,DISAP,2.0,2.0
1602,DISAP,2.0,2.0
1534,DISAP,2.0,2.0
3013,DISAP,2.0,2.0
1431,DISAP,2.0,2.0
3112,DISAP,2.0,2.0
2311,DISAP,2.0,2.0
659,DISAP,2.0,2.0
1396,DISAP,1.0,1.0
834,DISAP,2.0,2.0
2796,DISAP,2.0,2.0
2591,DISAP,1.0,2.0
1130,DISAP,2.0,2.0
2173,DISAP,2.0,2.0
410,DISAP,1.0,2.0
1335,DISAP,2.0,2.0
2980,DISAP,2.0,2.0
3005,DISAP,2.0,2.0
1086,DISAP,2.0,2.0
2800,DISAP,2.0,2.0
1826,DISAP,2.0,2.0
760,DISAP,2.0,2.0
761,DISAP,0.0,0.0
1298,DISAP,2.0,2.0
2382,DISAP,1.0,1.0
2060,DISAP,2.0,2.0
1933,DISAP,2.0,2.0
523,DISAP,2.0,2.0
1741,DISAP,2.0,2.0
803,DISAP,2.0,2.0
231,DISAP,2.0,2.0
3026,DISAP,2.0,2.0
530,DISAP,2.0,2.0
809,DISAP,1.0,1.0
1887,DISAP,2.0,2.0
716,DISAP,2.0,1.0
1895,DISAP,2.0,2.0
2862,DISAP,2.0,2.0
1560,DISAP,2.0,1.0
2570,DISAP,2.0,2.0
2639,DISAP,2.0,2.0
2666,DISAP,0.0,0.0
3108,DISAP,2.0,2.0
1828,DISAP,2.0,2.0
1479,DISAP,2.0,2.0
2104,DISAP,2.0,2.0
2237,DISAP,2.0,2.0
2608,DISAP,2.0,2.0
429,DISAP,2.0,2.0
371,DISAP,2.0,1.0
2697,DISAP,2.0,2.0
1203,DISAP,0.0,1.0
1506,DISAP,2.0,2.0
2907,DISAP,2.0,2.0
2067,DISAP,2.0,2.0
3203,DISAP,2.0,2.0
2116,DISAP,2.0,2.0
1068,DISAP,2.0,2.0
2625,DISAP,2.0,2.0
2166,DISAP,2.0,2.0
2014,DISAP,2.0,2.0
782,DISAP,2.0,2.0
805,DISAP,2.0,2.0
2858,DISAP,1.0,1.0
2289,DISAP,2.0,2.0
427,DISAP,1.0,1.0
1777,DISAP,0.0,0.0
244,DISAP,2.0,2.0
964,DISAP,2.0,2.0
609,DISAP,2.0,2.0
436,DISAP,0.0,0.0
961,DISAP,2.0,2.0
3053,DISAP,1.0,2.0
2399,DISAP,2.0,2.0
1406,DISAP,2.0,2.0
3182,DISAP,2.0,2.0
2158,DISAP,2.0,2.0
3010,DISAP,2.0,2.0
3016,DISAP,2.0,2.0
636,DISAP,2.0,2.0
569,DISAP,0.0,1.0
2086,DISAP,2.0,2.0
1134,DISAP,1.0,1.0
2874,DISAP,2.0,2.0
1717,DISAP,1.0,1.0
1408,DISAP,2.0,2.0
1568,DISAP,2.0,2.0
3268,DISAP,2.0,2.0
3041,DISAP,1.0,2.0
226,DISAP,1.0,2.0
2585,DISAP,2.0,2.0
1333,DISAP,2.0,2.0
1796,DISAP,2.0,2.0
1637,DISAP,2.0,2.0
2579,DISAP,2.0,2.0
2062,DISAP,1.0,1.0
3095,DISAP,2.0,1.0
2380,DISAP,2.0,2.0
2138,DISAP,2.0,1.0
1360,DISAP,0.0,1.0
1531,DISAP,2.0,2.0
3192,DISAP,2.0,2.0
394,DISAP,2.0,2.0
2230,DISAP,0.0,0.0
1051,DISAP,2.0,2.0
1905,DISAP,2.0,2.0
480,DISAP,2.0,2.0
555,DISAP,2.0,2.0
1420,DISAP,2.0,1.0
2379,DISAP,2.0,2.0
2745,DISAP,1.0,1.0
286,DISAP,2.0,2.0
649,DISAP,1.0,1.0
2440,DISAP,1.0,2.0
444,DISAP,2.0,2.0
2124,DISAP,2.0,1.0
275,DISAP,2.0,2.0
1710,DISAP,2.0,2.0
1920,DISAP,2.0,2.0
2578,DISAP,2.0,2.0
245,DISAP,0.0,0.0
1417,DISAP,2.0,2.0
1697,DISAP,2.0,2.0
3175,DISAP,1.0,2.0
744,DISAP,2.0,1.0
753,DISAP,2.0,2.0
294,DISAP,2.0,2.0
1495,DISAP,2.0,2.0
933,DISAP,2.0,2.0
310,DISAP,2.0,2.0
2767,DISAP,0.0,1.0
2687,DISAP,2.0,2.0
2557,DISAP,1.0,2.0
1426,DISAP,2.0,2.0
2595,DISAP,2.0,2.0
736,DISAP,2.0,2.0
1757,DISAP,2.0,2.0
926,DISAP,2.0,2.0
2819,DISAP,2.0,2.0
787,DISAP,2.0,2.0
1882,DISAP,2.0,2.0
1941,DISAP,2.0,2.0
322,DISAP,2.0,2.0
558,DISAP,2.0,2.0
669,DISAP,2.0,2.0
980,DISAP,2.0,2.0
490,DISAP,2.0,2.0
1553,DISAP,1.0,0.0
3119,DISAP,2.0,2.0
2364,DISAP,2.0,2.0
1864,DISAP,2.0,2.0
473,DISAP,2.0,2.0
2501,DISAP,2.0,2.0
1578,DISAP,2.0,2.0
1608,DISAP,1.0,1.0
845,DISAP,2.0,2.0
2035,DISAP,2.0,2.0
2314,DISAP,2.0,2.0
1316,DISAP,2.0,2.0
1015,DISAP,2.0,2.0
1070,DISAP,2.0,2.0
1355,DISAP,2.0,2.0
3230,DISAP,2.0,2.0
2344,DISAP,2.0,2.0
752,DISAP,2.0,2.0
1732,DISAP,2.0,2.0
1284,DISAP,1.0,2.0
832,DISAP,2.0,2.0
1233,DISAP,2.0,2.0
1673,DISAP,2.0,2.0
2146,DISAP,2.0,2.0
1540,DISAP,2.0,2.0
2603,DISAP,2.0,2.0
1463,DISAP,2.0,2.0
2733,DISAP,1.0,0.0
3152,DISAP,2.0,2.0
2491,DISAP,1.0,2.0
1751,DISAP,2.0,2.0
2706,DISAP,2.0,2.0
2492,DISAP,1.0,1.0
546,DISAP,2.0,2.0
872,DISAP,2.0,2.0
1322,DISAP,2.0,1.0
1689,DISAP,2.0,2.0
1675,DISAP,2.0,2.0
2887,DISAP,2.0,2.0
783,DISAP,2.0,2.0
561,DISAP,2.0,2.0
2207,DISAP,2.0,2.0
1996,DISAP,2.0,2.0
283,DISAP,2.0,2.0
2130,DISAP,1.0,1.0
2388,DISAP,2.0,2.0
2710,DISAP,2.0,2.0
266,DISAP,2.0,1.0
1881,DISAP,2.0,2.0
3009,DISAP,2.0,2.0
3269,DISAP,2.0,2.0
2944,DISAP,2.0,2.0
1813,DISAP,2.0,2.0
2336,DISAP,1.0,1.0
2825,DISAP,2.0,2.0
876,DISAP,2.0,2.0
1409,DISAP,2.0,2.0
559,DISAP,2.0,2.0
3232,DISAP,2.0,2.0
2447,DISAP,2.0,2.0
2373,DISAP,2.0,2.0
1783,DISAP,2.0,2.0
774,DISAP,2.0,2.0
2734,DISAP,0.0,1.0
1736,DISAP,2.0,2.0
1405,DISAP,2.0,2.0
724,DISAP,1.0,1.0
2453,DISAP,0.0,1.0
2828,DISAP,2.0,2.0
2973,DISAP,1.0,2.0
342,DISAP,2.0,2.0
1370,DISAP,2.0,2.0
3117,DISAP,2.0,2.0
880,DISAP,2.0,2.0
2434,DISAP,0.0,0.0
3077,DISAP,2.0,2.0
3087,DISAP,2.0,2.0
466,DISAP,2.0,2.0
2039,DISAP,2.0,2.0
1802,DISAP,2.0,2.0
332,DISAP,2.0,1.0
1363,DISAP,2.0,2.0
451,DISAP,2.0,2.0
2992,DISAP,2.0,2.0
1634,DISAP,2.0,2.0
842,DISAP,2.0,2.0
1350,DISAP,2.0,2.0
877,DISAP,2.0,2.0
1581,DISAP,2.0,2.0
3072,DISAP,2.0,1.0
2061,DISAP,1.0,2.0
1875,DISAP,2.0,2.0
2119,DISAP,2.0,2.0
3140,DISAP,2.0,2.0
1392,DISAP,2.0,2.0
2200,DISAP,2.0,2.0
3003,DISAP,2.0,2.0
2451,DISAP,1.0,2.0
2747,DISAP,2.0,2.0
3019,DISAP,2.0,2.0
2457,DISAP,0.0,2.0
1394,DISAP,2.0,1.0
224,DISAP,1.0,1.0
2296,DISAP,1.0,2.0
2851,DISAP,2.0,2.0
1099,DISAP,2.0,2.0
1649,DISAP,2.0,2.0
1193,DISAP,2.0,2.0
1309,DISAP,2.0,2.0
2750,DISAP,2.0,2.0
421,DISAP,2.0,0.0
402,DISAP,2.0,2.0
2395,DISAP,2.0,2.0
242,DISAP,2.0,1.0
303,DISAP,2.0,2.0
2342,DISAP,0.0,0.0
1078,DISAP,2.0,2.0
516,DISAP,2.0,2.0
3283,DISAP,2.0,2.0
1101,DISAP,2.0,2.0
3285,DISAP,2.0,2.0
1537,DISAP,2.0,2.0
3221,DISAP,2.0,2.0
2244,DISAP,1.0,1.0
2033,DISAP,2.0,2.0
2157,DISAP,2.0,1.0
2749,DISAP,2.0,2.0
381,DISAP,0.0,0.0
1984,DISAP,2.0,2.0
1428,DISAP,2.0,2.0
2682,DISAP,2.0,2.0
1672,DISAP,1.0,1.0
2408,DISAP,2.0,2.0
2522,DISAP,1.0,2.0
362,DISAP,2.0,2.0
2736,DISAP,1.0,2.0
831,DISAP,2.0,2.0
1032,DISAP,2.0,2.0
1400,DISAP,2.0,2.0
1317,DISAP,0.0,0.0
812,DISAP,2.0,2.0
2217,DISAP,2.0,2.0
2123,DISAP,1.0,1.0
2474,DISAP,2.0,2.0
1966,DISAP,2.0,2.0
1207,DISAP,2.0,2.0
1045,DISAP,2.0,2.0
454,DISAP,2.0,2.0
2133,DISAP,2.0,2.0
2233,DISAP,2.0,2.0
3237,DISAP,2.0,1.0
3189,DISAP,1.0,1.0
405,DISAP,0.0,0.0
684,DISAP,2.0,2.0
1906,DISAP,2.0,2.0
970,DISAP,1.0,1.0
1605,DISAP,2.0,2.0
990,DISAP,2.0,2.0
841,DISAP,1.0,2.0
2020,DISAP,2.0,2.0
551,DISAP,0.0,0.0
384,DISAP,2.0,2.0
810,DISAP,2.0,2.0
3198,DISAP,2.0,2.0
506,DISAP,2.0,2.0
504,DISAP,2.0,2.0
1583,DISAP,2.0,2.0
1651,DISAP,2.0,2.0
1109,DISAP,2.0,2.0
844,DISAP,2.0,2.0
797,DISAP,2.0,2.0
2876,DISAP,2.0,2.0
849,DISAP,2.0,2.0
2107,DISAP,2.0,2.0
2428,DISAP,2.0,2.0
2966,DISAP,1.0,1.0
3155,DISAP,2.0,2.0
1733,DISAP,2.0,2.0
491,DISAP,2.0,2.0
2208,DISAP,2.0,2.0
369,DISAP,1.0,2.0
1661,DISAP,2.0,2.0
2738,DISAP,2.0,2.0
1931,DISAP,1.0,1.0
2888,DISAP,2.0,2.0
488,DISAP,1.0,2.0
2461,DISAP,2.0,2.0
1276,DISAP,2.0,2.0
3145,DISAP,2.0,2.0
2754,DISAP,2.0,2.0
400,DISAP,2.0,2.0
2489,DISAP,2.0,2.0
2376,DISAP,2.0,2.0
1154,DISAP,2.0,2.0
3028,DISAP,2.0,2.0
525,DISAP,2.0,2.0
1082,DISAP,2.0,2.0
695,DISAP,2.0,2.0
1711,DISAP,2.0,2.0
2080,DISAP,2.0,2.0
666,DISAP,2.0,2.0
2523,DISAP,2.0,2.0
3040,DISAP,2.0,2.0
364,DISAP,2.0,1.0
1310,DISAP,2.0,2.0
2516,DISAP,2.0,1.0
3051,DISAP,1.0,2.0
611,DISAP,2.0,2.0
2873,DISAP,2.0,2.0
1688,DISAP,2.0,2.0
2563,DISAP,2.0,2.0
1929,DISAP,2.0,2.0
2176,DISAP,2.0,2.0
2763,DISAP,2.0,2.0
3242,DISAP,2.0,2.0
1151,DISAP,1.0,1.0
3144,DISAP,2.0,2.0
1593,DISAP,2.0,2.0
3153,DISAP,2.0,2.0
3121,DISAP,1.0,1.0
1855,DISAP,2.0,2.0
443,DISAP,2.0,2.0
2456,DISAP,2.0,2.0
3225,DISAP,2.0,2.0
2417,DISAP,2.0,2.0
2293,DISAP,2.0,2.0
607,DISAP,1.0,1.0
672,DISAP,2.0,2.0
550,DISAP,1.0,1.0
2912,DISAP,2.0,2.0
2948,DISAP,1.0,2.0
2151,DISAP,2.0,2.0
1346,DISAP,2.0,2.0
2935,DISAP,0.0,0.0
1313,DISAP,2.0,2.0
2864,DISAP,2.0,2.0
665,DISAP,2.0,2.0
2137,DISAP,2.0,2.0
328,DISAP,2.0,2.0
2990,DISAP,1.0,1.0
2777,DISAP,2.0,2.0
3245,DISAP,1.0,1.0
1349,DISAP,2.0,2.0
570,DISAP,2.0,2.0
2248,DISAP,2.0,2.0
2751,DISAP,1.0,0.0
2159,DISAP,2.0,2.0
1393,DISAP,0.0,0.0
1097,DISAP,2.0,2.0
673,DISAP,2.0,2.0
1403,DISAP,2.0,2.0
1366,DISAP,2.0,2.0
2660,DISAP,2.0,2.0
2246,DISAP,2.0,2.0
1573,DISAP,2.0,2.0
708,DISAP,2.0,2.0
1544,DISAP,2.0,2.0
884,DISAP,2.0,2.0
694,DISAP,2.0,2.0
432,DISAP,2.0,1.0
517,DISAP,2.0,2.0
464,DISAP,2.0,2.0
820,DISAP,0.0,1.0
1090,DISAP,1.0,1.0
313,DISAP,2.0,1.0
2626,DISAP,2.0,2.0
3294,DISAP,2.0,2.0
1288,DISAP,2.0,2.0
1947,DISAP,2.0,2.0
3167,DISAP,2.0,2.0
2882,DISAP,0.0,0.0
1627,DISAP,2.0,2.0
1599,DISAP,2.0,2.0
324,DISAP,2.0,2.0
1223,DISAP,0.0,2.0
3207,DISAP,2.0,2.0
2242,DISAP,2.0,1.0
891,DISAP,2.0,2.0
459,DISAP,2.0,2.0
1027,DISAP,2.0,2.0
1373,DISAP,2.0,2.0
1296,DISAP,2.0,2.0
2093,DISAP,1.0,2.0
1962,DISAP,2.0,2.0
737,DISAP,2.0,2.0
2126,DISAP,2.0,2.0
2776,DISAP,2.0,2.0
1502,DISAP,2.0,2.0
821,DISAP,2.0,2.0
1810,DISAP,2.0,2.0
1241,DISAP,2.0,2.0
445,DISAP,2.0,2.0
207,DISAP,2.0,2.0
1522,DISAP,1.0,2.0
682,DISAP,2.0,2.0
2040,DISAP,2.0,2.0
2943,DISAP,2.0,2.0
3029,DISAP,2.0,2.0
3201,DISAP,2.0,2.0
1823,DISAP,2.0,2.0
785,DISAP,2.0,2.0
3083,DISAP,2.0,2.0
1059,DISAP,2.0,2.0
2076,DISAP,0.0,0.0
2947,DISAP,1.0,1.0
794,DISAP,2.0,2.0
1074,DISAP,0.0,0.0
1328,DISAP,2.0,2.0
2164,DISAP,2.0,2.0
2813,DISAP,2.0,2.0
1648,DISAP,2.0,2.0
2415,DISAP,2.0,2.0
2514,DISAP,2.0,1.0
1184,DISAP,1.0,1.0
3210,DISAP,2.0,2.0
600,DISAP,2.0,2.0
3174,DISAP,2.0,2.0
2986,DISAP,0.0,1.0
493,DISAP,2.0,2.0
3130,DISAP,1.0,1.0
3260,DISAP,2.0,2.0
1238,DISAP,2.0,2.0
1781,DISAP,2.0,2.0
2698,DISAP,2.0,2.0
2435,DISAP,2.0,2.0
1709,DISAP,2.0,2.0
2238,DISAP,2.0,2.0
3020,DISAP,2.0,2.0
2614,DISAP,2.0,2.0
723,DISAP,2.0,2.0
734,DISAP,2.0,2.0
2506,DISAP,2.0,2.0
1804,DISAP,2.0,2.0
627,DISAP,2.0,2.0
1126,DISAP,2.0,2.0
2226,DISAP,2.0,2.0
963,DISAP,2.0,2.0
985,DISAP,2.0,2.0
2410,DISAP,2.0,2.0
2798,DISAP,2.0,2.0
2949,DISAP,2.0,2.0
2243,DISAP,0.0,0.0
1174,DISAP,2.0,2.0
2649,DISAP,2.0,2.0
2575,DISAP,2.0,2.0
2071,DISAP,2.0,2.0
819,DISAP,2.0,2.0
3071,DISAP,1.0,1.0
2870,DISAP,1.0,1.0
924,DISAP,2.0,2.0
3252,DISAP,1.0,1.0
1030,DISAP,1.0,2.0
1572,DISAP,2.0,2.0
1196,DISAP,2.0,2.0
3196,DISAP,2.0,2.0
1225,DISAP,2.0,2.0
1162,DISAP,2.0,2.0
3050,DISAP,1.0,2.0
3172,DISAP,2.0,2.0
697,DISAP,1.0,2.0
2765,DISAP,2.0,2.0
471,DISAP,2.0,2.0
1164,DISAP,2.0,2.0
329,DISAP,2.0,2.0
2277,DISAP,2.0,2.0
395,DISAP,2.0,2.0
2310,DISAP,2.0,2.0
486,DISAP,2.0,2.0
2189,DISAP,2.0,2.0
1849,DISAP,2.0,2.0
2861,DISAP,1.0,1.0
1077,DISAP,2.0,2.0
1483,DISAP,2.0,2.0
1744,DISAP,2.0,2.0
2622,DISAP,2.0,2.0
3296,DISAP,2.0,2.0
2059,DISAP,2.0,2.0
1380,DISAP,2.0,2.0
1690,DISAP,0.0,0.0
1004,DISAP,1.0,1.0
3219,DISAP,2.0,2.0
728,DISAP,2.0,2.0
3236,DISAP,2.0,2.0
389,DISAP,1.0,1.0
2129,DISAP,2.0,2.0
2653,DISAP,0.0,0.0
1900,DISAP,2.0,2.0
1498,DISAP,0.0,1.0
472,DISAP,2.0,2.0
976,DISAP,2.0,2.0
1324,DISAP,2.0,2.0
2235,DISAP,2.0,2.0
317,DISAP,2.0,2.0
552,DISAP,2.0,2.0
1157,DISAP,2.0,2.0
1208,DISAP,2.0,2.0
954,DISAP,2.0,2.0
1054,DISAP,2.0,2.0
495,DISAP,2.0,2.0
2772,DISAP,2.0,2.0
1868,DISAP,2.0,2.0
2308,DISAP,1.0,2.0
2265,DISAP,2.0,2.0
411,DISAP,2.0,2.0
2606,DISAP,2.0,2.0
2891,DISAP,2.0,2.0
1693,DISAP,2.0,2.0
1397,DISAP,2.0,2.0
2346,DISAP,2.0,2.0
754,DISAP,2.0,2.0
1255,DISAP,2.0,2.0
2573,DISAP,2.0,2.0
2732,DISAP,2.0,1.0
2543,DISAP,2.0,2.0
3151,DISAP,2.0,2.0
1765,DISAP,2.0,2.0
2704,DISAP,2.0,2.0
1928,DISAP,2.0,1.0
1111,DISAP,2.0,2.0
2135,DISAP,2.0,2.0
2127,DISAP,2.0,2.0
978,DISAP,2.0,2.0
3257,DISAP,0.0,0.0
1169,DISAP,2.0,2.0
481,DISAP,2.0,2.0
1727,DISAP,2.0,2.0
1641,DISAP,2.0,2.0
2339,DISAP,2.0,2.0
2276,DISAP,2.0,2.0
589,DISAP,2.0,0.0
1222,DISAP,2.0,2.0
2003,DISAP,2.0,2.0
2568,DISAP,2.0,2.0
937,DISAP,2.0,2.0
2962,DISAP,2.0,2.0
1519,DISAP,2.0,2.0
2928,DISAP,2.0,1.0
2883,DISAP,2.0,2.0
1465,DISAP,2.0,2.0
1932,DISAP,1.0,1.0
1259,DISAP,2.0,2.0
1132,DISAP,2.0,2.0
710,DISAP,2.0,2.0
896,DISAP,2.0,2.0
3188,DISAP,2.0,2.0
1277,DISAP,2.0,2.0
1871,DISAP,2.0,2.0
1526,DISAP,2.0,2.0
1791,DISAP,2.0,2.0
2846,DISAP,2.0,2.0
824,DISAP,2.0,2.0
1994,DISAP,1.0,1.0
2593,DISAP,2.0,2.0
497,DISAP,0.0,1.0
1922,DISAP,2.0,2.0
2034,DISAP,2.0,2.0
595,DISAP,2.0,2.0
441,DISAP,2.0,2.0
1228,DISAP,2.0,2.0
1807,DISAP,2.0,2.0
2370,DISAP,2.0,2.0
1973,DISAP,0.0,0.0
2741,DISAP,2.0,2.0
267,DISAP,2.0,2.0
1734,DISAP,2.0,2.0
2475,DISAP,2.0,2.0
838,DISAP,2.0,2.0
2262,DISAP,0.0,0.0
462,DISAP,2.0,2.0
1944,DISAP,1.0,2.0
1052,DISAP,2.0,2.0
1719,DISAP,2.0,2.0
1304,DISAP,2.0,2.0
1824,DISAP,2.0,2.0
3101,DISAP,2.0,2.0
2878,DISAP,2.0,2.0
992,DISAP,1.0,1.0
685,DISAP,2.0,2.0
282,DISAP,2.0,2.0
1022,DISAP,2.0,2.0
1136,DISAP,1.0,2.0
3099,DISAP,2.0,2.0
3162,DISAP,2.0,2.0
1493,DISAP,2.0,2.0
3139,DISAP,2.0,2.0
900,DISAP,2.0,2.0
1139,DISAP,2.0,2.0
1427,DISAP,2.0,2.0
2905,DISAP,2.0,2.0
1199,DISAP,2.0,2.0
1438,DISAP,2.0,2.0
3286,DISAP,2.0,2.0
1153,DISAP,2.0,2.0
2257,DISAP,0.0,1.0
1961,DISAP,2.0,2.0
513,DISAP,2.0,2.0
2089,DISAP,0.0,0.0
1072,DISAP,2.0,2.0
2101,DISAP,2.0,2.0
2280,DISAP,2.0,2.0
3114,DISAP,2.0,2.0
1262,DISAP,2.0,2.0
874,DISAP,2.0,2.0
1123,DISAP,2.0,2.0
2421,DISAP,2.0,2.0
3023,DISAP,2.0,2.0
703,DISAP,2.0,2.0
784,DISAP,2.0,2.0
289,DISAP,2.0,2.0
2121,DISAP,2.0,2.0
931,DISAP,0.0,0.0
798,DISAP,1.0,1.0
3249,DISAP,2.0,0.0
2450,DISAP,1.0,2.0
2036,DISAP,2.0,2.0
1212,DISAP,2.0,2.0
2599,DISAP,2.0,2.0
1829,DISAP,2.0,2.0
1876,DISAP,1.0,0.0
910,DISAP,2.0,2.0
1484,DISAP,1.0,1.0
1737,DISAP,2.0,2.0
1121,DISAP,2.0,2.0
756,DISAP,2.0,2.0
2144,DISAP,2.0,2.0
1722,DISAP,2.0,2.0
2857,DISAP,2.0,2.0
2361,DISAP,2.0,2.0
700,DISAP,2.0,2.0
2406,DISAP,2.0,2.0
2561,DISAP,2.0,2.0
2198,DISAP,2.0,2.0
398,DISAP,2.0,2.0
270,DISAP,2.0,2.0
890,DISAP,2.0,2.0
807,DISAP,2.0,2.0
1930,DISAP,2.0,2.0
250,DISAP,1.0,2.0
2672,DISAP,2.0,2.0
1582,DISAP,2.0,2.0
3021,DISAP,2.0,2.0
249,DISAP,2.0,2.0
1005,DISAP,2.0,2.0
1402,DISAP,0.0,0.0
2174,DISAP,2.0,2.0
2528,DISAP,2.0,2.0
1391,DISAP,2.0,2.0
912,DISAP,2.0,2.0
1740,DISAP,0.0,0.0
2486,DISAP,2.0,2.0
3299,DISAP,2.0,2.0
1516,DISAP,2.0,2.0
220,DISAP,1.0,2.0
1249,DISAP,2.0,2.0
1513,DISAP,2.0,2.0
510,DISAP,2.0,2.0
2441,DISAP,0.0,2.0
1152,DISAP,2.0,2.0
2424,DISAP,2.0,2.0
603,DISAP,2.0,2.0
1430,DISAP,2.0,2.0
1772,DISAP,2.0,2.0
1893,DISAP,2.0,2.0
2993,DISAP,2.0,2.0
2054,DISAP,2.0,2.0
2065,DISAP,1.0,1.0
1548,DISAP,2.0,2.0
2933,DISAP,2.0,2.0
531,DISAP,2.0,2.0
1416,DISAP,0.0,2.0
474,DISAP,2.0,2.0
2866,DISAP,2.0,2.0
860,DISAP,2.0,2.0
1236,DISAP,2.0,2.0
2871,DISAP,2.0,2.0
2731,DISAP,2.0,2.0
1894,DISAP,2.0,2.0
592,DISAP,2.0,2.0
3049,DISAP,2.0,2.0
1450,DISAP,2.0,2.0
591,DISAP,2.0,2.0
1261,DISAP,2.0,2.0
2783,DISAP,2.0,2.0
1546,DISAP,1.0,1.0
1237,DISAP,2.0,2.0
2843,DISAP,2.0,2.0
939,DISAP,2.0,2.0
3266,DISAP,1.0,1.0
2727,DISAP,2.0,2.0
3199,DISAP,2.0,2.0
2762,DISAP,2.0,2.0
1439,DISAP,2.0,2.0
2026,DISAP,2.0,2.0
1598,DISAP,2.0,2.0
1923,DISAP,2.0,2.0
2707,DISAP,2.0,2.0
815,DISAP,2.0,2.0
1908,DISAP,1.0,1.0
2793,DISAP,1.0,1.0
2665,DISAP,2.0,2.0
1336,DISAP,2.0,2.0
3195,DISAP,2.0,2.0
1073,DISAP,2.0,2.0
2997,DISAP,2.0,2.0
2253,DISAP,2.0,2.0
1075,DISAP,2.0,2.0
2074,DISAP,2.0,2.0
2668,DISAP,2.0,2.0
3262,DISAP,0.0,0.0
1000,DISAP,2.0,2.0
1093,DISAP,2.0,2.0
2465,DISAP,2.0,2.0
1763,DISAP,1.0,2.0
350,DISAP,2.0,2.0
1510,DISAP,2.0,2.0
2041,DISAP,2.0,2.0
1978,DISAP,2.0,2.0
897,DISAP,1.0,1.0
664,DISAP,2.0,2.0
2780,DISAP,2.0,2.0
1274,DISAP,2.0,2.0
2984,DISAP,2.0,2.0
773,DISAP,1.0,1.0
2737,DISAP,2.0,2.0
562,DISAP,2.0,2.0
581,DISAP,2.0,1.0
2553,DISAP,2.0,2.0
